category,file
wc,2021.08.21_FINAL_SEACAR Water_Nutrients_Phosphorus_FINAL.R
wc,2021.08.21_FINAL_SEACAR_Water Clarity_CDOM_Final.R
wc,2021.08.21_FINAL_SEACAR_Water Clarity_chla_Final.R
wc,2021.08.21_FINAL_SEACAR_Water Clarity_Turbidity_Final.R
wc,2021.08.21_FINAL_SEACAR_Water Nutrients_Nitrogen_Final.R
wc,2021.08.22_FINAL SEACAR_WaterQuality_DOsaturation_Final.R
wc,2021.08.22_FINAL_SEACAR_WaterQuality_DOmgL_Final.R
wc,2021.08.22_FINAL_SEACAR_WaterQuality_pH_Final.R
wc,2021.08.22_FINAL_SEACAR_WaterQuality_Salinity.R
wc,2021.08.22_FINAL_SEACAR_WATERQUALITY_Temperature_Final.R
co,2021.09.19_CoralNektonRichness_FINAL.R
cw,2021.09.19_WetlandsPercentCover.R
cw,Final 2021.09.19_SEACAR_CoastalWetlands_GroupRichness.R
cw,FINAL 2021.09.19_SEACAR_CoastalWetlands_SppRich_Region.R
wc,FINAL 2021.09.19_WaterNekton_SppRichnessbyMA.R
sg,FINAL Percent Cover by Secchi.R
sg,FINAL Percent Cover by Turbidity.R
sg,SEACAR_SAV_BB_script.R
co,FINAL_2021.09.18_DryTort Region_Any Corals.R
co,FINAL_2021.09.18_DryTortugas Region_Genus.R
co,FINAL_2021.09.18_DryTortugas Region_Group1.R
co,FINAL_2021.09.18_FLAKEYS_AnyCorals.R
co,FINAL_2021.09.18_FLKeysRegion_Group1.R
co,FINAL_2021.09.18_Keys Region_Genus.R
co,FINAL_2021.09.18_SE Region_AnyCorals.R
co,FINAL_2021.09.18_SE_Genus.R
co,FINAL_2021.09.18_SERegion_Group1.R
oy,SEACAR_Oyster_Analyses_AnalysesOnly_03-08-2021.Rmd
oy,SEACAR_Oyster_Analyses_RefInfo_03-08-2021.Rmd
